{
    "0": 9250,
    "1": 108,
    "2": 8216,
    "3": 233,
    "4": 116,
    "5": 101,
    "6": 105,
    "7": 110,
    "8": 115,
    "9": 120,
    "10": 103,
    "11": 117,
    "12": 111,
    "13": 49,
    "14": 56,
    "15": 55,
    "16": 48,
    "17": 8212,
    "18": 46,
    "19": 112,
    "20": 97,
    "21": 114,
    "22": 232,
    "23": 100,
    "24": 99,
    "25": 86,
    "26": 118,
    "27": 98,
    "28": 109,
    "29": 41,
    "30": 67,
    "31": 122,
    "32": 83,
    "33": 121,
    "34": 44,
    "35": 107,
    "36": 201,
    "37": 65,
    "38": 104,
    "39": 69,
    "40": 187,
    "41": 68,
    "42": 47,
    "43": 72,
    "44": 77,
    "45": 40,
    "46": 71,
    "47": 80,
    "48": 231,
    "49": 82,
    "50": 102,
    "51": 8221,
    "52": 50,
    "53": 106,
    "54": 124,
    "55": 78,
    "56": 54,
    "57": 176,
    "58": 53,
    "59": 84,
    "60": 79,
    "61": 85,
    "62": 51,
    "63": 37,
    "64": 57,
    "65": 113,
    "66": 90,
    "67": 66,
    "68": 75,
    "69": 119,
    "70": 87,
    "71": 58,
    "72": 52,
    "73": 76,
    "74": 70,
    "75": 93,
    "76": 239,
    "77": 73,
    "78": 74,
    "79": 228,
    "80": 238,
    "81": 59,
    "82": 224,
    "83": 234,
    "84": 88,
    "85": 252,
    "86": 89,
    "87": 244,
    "88": 61,
    "89": 43,
    "90": 92,
    "91": 123,
    "92": 125,
    "93": 95,
    "94": 81,
    "95": 339,
    "96": 241,
    "97": 42,
    "98": 33,
    "99": 220,
    "100": 226,
    "101": 199,
    "102": 338,
    "103": 251,
    "104": 63,
    "105": 36,
    "106": 235,
    "107": 171,
    "108": 8364,
    "109": 38,
    "110": 60,
    "111": 230,
    "112": 35,
    "113": 174,
    "114": 194,
    "115": 200,
    "116": 62,
    "117": 91,
    "118": 198,
    "119": 249,
    "120": 206,
    "121": 212,
    "122": 255,
    "123": 192,
    "124": 202,
    "125": 64,
    "126": 207,
    "127": 169,
    "128": 203,
    "129": 217,
    "130": 163,
    "131": 376,
    "132": 219,
    "133": 32
}
