{
    "0": 9250,
    "1": 48,
    "2": 49,
    "3": 50,
    "4": 51,
    "5": 52,
    "6": 53,
    "7": 54,
    "8": 55,
    "9": 56,
    "10": 57,
    "11": 97,
    "12": 98,
    "13": 99,
    "14": 100,
    "15": 101,
    "16": 102,
    "17": 103,
    "18": 104,
    "19": 105,
    "20": 106,
    "21": 107,
    "22": 108,
    "23": 109,
    "24": 110,
    "25": 111,
    "26": 112,
    "27": 113,
    "28": 114,
    "29": 115,
    "30": 116,
    "31": 117,
    "32": 118,
    "33": 119,
    "34": 120,
    "35": 121,
    "36": 122,
    "37": 95,
    "38": 32,
    "39": 91,
    "40": 93,
    "41": 46,
    "42": 40,
    "43": 41,
    "44": 38,
    "45": 39,
    "46": 33,
    "47": 44,
    "48": 45,
    "49": 58,
    "50": 64,
    "51": 63
}
